<beans  xmlns="http://www.springframework.org/schema/beans"
xmlns:tx="http://www.springframework.org/schema/tx"
xmlns:context="http://www.springframework.org/schema/context"
xmlns:xsi="http://www.w3.org/2001/XMLSchema-instance"
xsi:schemaLocation="http://www.springframework.org/schema/beans
http://www.springframework.org/schema/beans/spring-beans.xsd
http://www.springframework.org/schema/context
http://www.springframework.org/schema/context/spring-context.xsd
http://www.springframework.org/schema/tx
http://www.springframework.org/schema/tx/spring-tx.xsd">

  <context:component-scan base-package="com.shekher"/>
  
  <bean  id="viewResolver"  class="org.springframework.web.servlet.view.InternalResourceViewResolver">
     <property  name="prefix"   value="/"/>
     <property  name="suffix"   value=".jsp"/>
  </bean>
  
  <bean  id="ht"  class="org.springframework.orm.hibernate5.HibernateTemplate">
    <property  name="sessionFactory"   ref="sessionFactory"/>
  </bean>
  
  <bean  id="sessionFactory"   class="org.springframework.orm.hibernate5.LocalSessionFactoryBean">
      <property   name="dataSource"    ref="ds"/>
      <property   name="annotatedClasses">
         <list>
            <value>com.shekher.model.UploadFile</value>
         </list>
      </property>
      <property   name="hibernateProperties">
         <value>
             dialect=org.hibernate.dialect.Oracle10gDialect
             show_sql=true
             hbm2ddl.auto=update
         </value>
      </property>
  </bean>
  
  <bean   id="ds"    class="org.springframework.jdbc.datasource.DriverManagerDataSource">
      <property  name="driverClassName"  value="oracle.jdbc.driver.OracleDriver"/>
      <property  name="url"    value="jdbc:oracle:thin:@localhost:1521:xe"/>
      <property  name="username"   value="system"/>
      <property  name="password"   value="tiger"/>
  </bean>
  
  <bean  id="transactionManager"  class="org.springframework.orm.hibernate5.HibernateTransactionManager">
    <property  name="sessionFactory"   ref="sessionFactory"/>
  </bean>
  
  <bean  id="multipartResolver"   class="org.springframework.web.multipart.commons.CommonsMultipartResolver"/>
  
  <tx:annotation-driven/>
</beans>





