<beans   xmlns="http://www.springframework.org/schema/beans"
         xmlns:context="http://www.springframework.org/schema/context"
         xmlns:mvc="http://www.springframework.org/schema/mvc"
         xmlns:xsi="http://www.w3.org/2001/XMLSchema-instance"
         xsi:schemaLocation="http://www.springframework.org/schema/beans
         http://www.springframework.org/schema/beans/spring-beans.xsd
         http://www.springframework.org/schema/context
         http://www.springframework.org/schema/context/spring-context.xsd
         http://www.springframework.org/schema/mvc
         http://www.springframework.org/schema/mvc/spring-mvc.xsd">
         
         
         <mvc:annotation-driven/>
         
         <!-- ENABLE AUTOSCAN -->
         <context:component-scan  base-package="com.sathya"/>
         
         <bean  id="viewResolver"   class="org.springframework.web.servlet.view.BeanNameViewResolver"/>
            
         
         <bean  id="jt"   class="org.springframework.jdbc.core.JdbcTemplate">
             <property   name="dataSource"    ref="ds"/>
         </bean>
   
         <bean  id="ds"   class="org.springframework.jdbc.datasource.DriverManagerDataSource">
             <property  name="driverClassName"
                  value="oracle.jdbc.driver.OracleDriver"/>
             <property  name="url"
                  value="jdbc:oracle:thin:@localhost:1521:xe"/>
             <property  name="username"  value="system"/>
             <property  name="password"  value="tiger"/>                                    
        </bean> 
        
</beans>   






